{"p4b2o3": [[[3.872, 7.4405562], 0.060597139445008, 51639, "water_slabs/p4b2o3_xy_(3.872, 7.4405562)_pk_51639.vasp"], [[4.2592, 5.082], 0.1040700116300286, 51663, "water_slabs/p4b2o3_xy_(4.2592, 5.082)_pk_51663.vasp"], [[4.2592, 5.5902], 0.07061409187753043, 54321, "water_slabs/p4b2o3_xy_(4.2592, 5.5902)_pk_54321.vasp"], [[4.2592, 6.14922], 0.039531685045005815, 51530, "water_slabs/p4b2o3_xy_(4.2592, 6.14922)_pk_51530.vasp"], [[4.2592, 6.764142], 0.016955522665000444, 51573, "water_slabs/p4b2o3_xy_(4.2592, 6.764142)_pk_51573.vasp"], [[4.2592, 7.4405562], -0.0006120784624954467, 51633, "water_slabs/p4b2o3_xy_(4.2592, 7.4405562)_pk_51633.vasp"], [[4.2592, 8.18461182], -0.005022193362492544, 54381, "water_slabs/p4b2o3_xy_(4.2592, 8.18461182)_pk_54381.vasp"], [[4.2592, 9.003073002], 0.0063605324200466384, 51673, "water_slabs/p4b2o3_xy_(4.2592, 9.003073002)_pk_51673.vasp"], [[4.68512, 5.082], 0.024709032222517635, 54371, "water_slabs/p4b2o3_xy_(4.68512, 5.082)_pk_54371.vasp"], [[4.68512, 5.5902], 0.05918963063504634, 54401, "water_slabs/p4b2o3_xy_(4.68512, 5.5902)_pk_54401.vasp"], [[4.68512, 6.14922], 0.048683587597508904, 54376, "water_slabs/p4b2o3_xy_(4.68512, 6.14922)_pk_54376.vasp"], [[4.68512, 6.764142], 0.03202185342502162, 51695, "water_slabs/p4b2o3_xy_(4.68512, 6.764142)_pk_51695.vasp"], [[4.68512, 7.4405562], 0.0165539166600297, 51701, "water_slabs/p4b2o3_xy_(4.68512, 7.4405562)_pk_51701.vasp"], [[4.68512, 8.18461182], 0.010954018032521162, 51718, "water_slabs/p4b2o3_xy_(4.68512, 8.18461182)_pk_51718.vasp"], [[4.68512, 9.003073002], 0.02432205233753848, 51728, "water_slabs/p4b2o3_xy_(4.68512, 9.003073002)_pk_51728.vasp"], [[5.153632, 5.5902], 0.042111426240012406, 51753, "water_slabs/p4b2o3_xy_(5.153632, 5.5902)_pk_51753.vasp"], [[5.153632, 6.14922], 0.09240622627004313, 51763, "water_slabs/p4b2o3_xy_(5.153632, 6.14922)_pk_51763.vasp"], [[5.153632, 6.764142], 0.08332095759254798, 51768, "water_slabs/p4b2o3_xy_(5.153632, 6.764142)_pk_51768.vasp"], [[5.153632, 7.4405562], 0.06340555830001904, 54555, "water_slabs/p4b2o3_xy_(5.153632, 7.4405562)_pk_54555.vasp"], [[5.153632, 8.18461182], 0.05347058016002393, 51788, "water_slabs/p4b2o3_xy_(5.153632, 8.18461182)_pk_51788.vasp"]], "p3b1o3": [[[3.872, 7.4405562], 0.2838606561950314, 52120, "water_slabs/p3b1o3_xy_(3.872, 7.4405562)_pk_52120.vasp"], [[4.2592, 5.082], 0.22493131003750477, 52216, "water_slabs/p3b1o3_xy_(4.2592, 5.082)_pk_52216.vasp"], [[4.2592, 5.5902], 0.46194609941500175, 52114, "water_slabs/p3b1o3_xy_(4.2592, 5.5902)_pk_52114.vasp"], [[4.2592, 6.14922], 0.2889529944925471, 52193, "water_slabs/p3b1o3_xy_(4.2592, 6.14922)_pk_52193.vasp"], [[4.2592, 6.764142], 0.20787528291754143, 52261, "water_slabs/p3b1o3_xy_(4.2592, 6.764142)_pk_52261.vasp"], [[4.2592, 7.4405562], 0.1684545258700041, 52204, "water_slabs/p3b1o3_xy_(4.2592, 7.4405562)_pk_52204.vasp"], [[4.2592, 8.18461182], 0.1438163188675503, 52391, "water_slabs/p3b1o3_xy_(4.2592, 8.18461182)_pk_52391.vasp"], [[4.2592, 9.003073002], 0.12698260875254164, 52137, "water_slabs/p3b1o3_xy_(4.2592, 9.003073002)_pk_52137.vasp"], [[4.68512, 5.082], 0.19655878284004302, 52246, "water_slabs/p3b1o3_xy_(4.68512, 5.082)_pk_52246.vasp"], [[4.68512, 5.5902], 0.35634103321001476, 52104, "water_slabs/p3b1o3_xy_(4.68512, 5.5902)_pk_52104.vasp"], [[4.68512, 6.14922], 0.215061673230025, 55021, "water_slabs/p3b1o3_xy_(4.68512, 6.14922)_pk_55021.vasp"], [[4.68512, 6.764142], 0.156397297920023, 52210, "water_slabs/p3b1o3_xy_(4.68512, 6.764142)_pk_52210.vasp"], [[4.68512, 7.4405562], 0.13574069455751214, 52198, "water_slabs/p3b1o3_xy_(4.68512, 7.4405562)_pk_52198.vasp"], [[4.68512, 8.18461182], 0.12793208195000716, 52266, "water_slabs/p3b1o3_xy_(4.68512, 8.18461182)_pk_52266.vasp"], [[4.68512, 9.003073002], 0.12218064992754307, 52231, "water_slabs/p3b1o3_xy_(4.68512, 9.003073002)_pk_52231.vasp"], [[5.153632, 5.5902], 0.18230841942749976, 53141, "water_slabs/p3b1o3_xy_(5.153632, 5.5902)_pk_53141.vasp"], [[5.153632, 6.14922], 0.19934686119000844, 52290, "water_slabs/p3b1o3_xy_(5.153632, 6.14922)_pk_52290.vasp"], [[5.153632, 6.764142], 0.15639716186251462, 52132, "water_slabs/p3b1o3_xy_(5.153632, 6.764142)_pk_52132.vasp"], [[5.153632, 7.4405562], 0.14551798273254235, 54500, "water_slabs/p3b1o3_xy_(5.153632, 7.4405562)_pk_54500.vasp"], [[5.153632, 8.18461182], 0.14605598579754542, 52280, "water_slabs/p3b1o3_xy_(5.153632, 8.18461182)_pk_52280.vasp"]], "p5b4o1": [[[3.872, 7.4405562], 0.007982330872550847, 52624, "water_slabs/p5b4o1_xy_(3.872, 7.4405562)_pk_52624.vasp"], [[4.2592, 5.082], 0.33477053553502856, 52724, "water_slabs/p5b4o1_xy_(4.2592, 5.082)_pk_52724.vasp"], [[4.2592, 5.5902], 0.21801104705502894, 52630, "water_slabs/p5b4o1_xy_(4.2592, 5.5902)_pk_52630.vasp"], [[4.2592, 6.14922], 0.0980897658900517, 54700, "water_slabs/p5b4o1_xy_(4.2592, 6.14922)_pk_54700.vasp"], [[4.2592, 6.764142], 0.04099052132499992, 52663, "water_slabs/p5b4o1_xy_(4.2592, 6.764142)_pk_52663.vasp"], [[4.2592, 7.4405562], 0.0026993088050062397, 52696, "water_slabs/p5b4o1_xy_(4.2592, 7.4405562)_pk_52696.vasp"], [[4.2592, 8.18461182], 0.003319796375023998, 54655, "water_slabs/p5b4o1_xy_(4.2592, 8.18461182)_pk_54655.vasp"], [[4.2592, 9.003073002], 0.0455104001450195, 52756, "water_slabs/p5b4o1_xy_(4.2592, 9.003073002)_pk_52756.vasp"], [[4.68512, 5.082], 0.23225399536750047, 52521, "water_slabs/p5b4o1_xy_(4.68512, 5.082)_pk_52521.vasp"], [[4.68512, 5.5902], 0.15507047086254033, 52493, "water_slabs/p5b4o1_xy_(4.68512, 5.5902)_pk_52493.vasp"], [[4.68512, 6.14922], 0.07864685825751394, 52598, "water_slabs/p5b4o1_xy_(4.68512, 6.14922)_pk_52598.vasp"], [[4.68512, 6.764142], 0.016046900557512345, 54587, "water_slabs/p5b4o1_xy_(4.68512, 6.764142)_pk_54587.vasp"], [[4.68512, 7.4405562], -0.0192559238174681, 52613, "water_slabs/p5b4o1_xy_(4.68512, 7.4405562)_pk_52613.vasp"], [[4.68512, 8.18461182], -0.020769863149951107, 52673, "water_slabs/p5b4o1_xy_(4.68512, 8.18461182)_pk_52673.vasp"], [[4.68512, 9.003073002], 0.014395305640050537, 52719, "water_slabs/p5b4o1_xy_(4.68512, 9.003073002)_pk_52719.vasp"], [[5.153632, 5.5902], 0.13635822289000998, 52744, "water_slabs/p5b4o1_xy_(5.153632, 5.5902)_pk_52744.vasp"], [[5.153632, 6.14922], 0.08634798590253467, 52781, "water_slabs/p5b4o1_xy_(5.153632, 6.14922)_pk_52781.vasp"], [[5.153632, 6.764142], 0.04021281998751647, 52787, "water_slabs/p5b4o1_xy_(5.153632, 6.764142)_pk_52787.vasp"], [[5.153632, 7.4405562], 0.011286030922519785, 52750, "water_slabs/p5b4o1_xy_(5.153632, 7.4405562)_pk_52750.vasp"], [[5.153632, 8.18461182], 0.0074459604900312115, 52761, "water_slabs/p5b4o1_xy_(5.153632, 8.18461182)_pk_52761.vasp"]],